<?xml version="1.0" encoding="UTF-8"?>
<project-private xmlns="http://www.netbeans.org/ns/project-private/1">
    <editor-bookmarks xmlns="http://www.netbeans.org/ns/editor-bookmarks/2" lastBookmarkId="0"/>
    <open-files xmlns="http://www.netbeans.org/ns/projectui-open-files/2">
        <group>
            <file>file:/D:/DM240018%20Board%20Code/Digital%20IO/main.c</file>
            <file>file:/D:/DM240018%20Board%20Code/Digital%20IO/mcc_generated_files/system.c</file>
            <file>file:/D:/DM240018%20Board%20Code/Digital%20IO/mcc_generated_files/pin_manager.c</file>
        </group>
    </open-files>
</project-private>
